GuideSeq_ID,GuideSeq,Y
GuideSeq 1,CTGCAGGGCTAGTTTCCTATAGG,0.0695715507140821
GuideSeq 2,GAGATGCGGACCACCCAGCTGGG,0.2876468494126023
GuideSeq 3,GCAAACGGAAGTGCAATTGTCGG,0.1370038412291933
GuideSeq 4,GTCATCGCTGAGTTGAGGAAGGG,0.0938888888888888
GuideSeq 5,ATATGATTATCCCTGCACAAGGG,0.5265249837767684
GuideSeq 6,TTGAAATCAAGCAGCTGAACCGG,0.1294153164939116
GuideSeq 8,GTGCCAACACGCACAATACGTGG,0.4408216498206717
GuideSeq 9,GCAGGTCACGAGCTCCGCACCGG,0.0485358117577635
GuideSeq 10,ATGTGCTGTGCCTTCAATGGCGG,0.1183355951919348
GuideSeq 11,GACATCAGATGAGTCAGTAAAGG,0.1000505465344032
GuideSeq 12,GCAGCAGCGTCAGCCCTATCCGG,0.2850149578460701
GuideSeq 14,TATAGCCAGTGTTGGTGCAGTGG,0.0712323292871771
GuideSeq 15,CATCGTTGACCTGATCAAATGGG,0.3063135726128064
GuideSeq 17,CGTATTGAGTAGCTTCACCACGG,0.3890982730494459
GuideSeq 18,ACTCACACGACGTGCGCTATGGG,0.0455891059798697
GuideSeq 19,TCTGTCTGGTCCAAACTATTAGG,0.1614471079832856
GuideSeq 20,CTGTGGCCCTGGCACCAAGAAGG,0.4070819721377342
GuideSeq 21,TTGGACCAGACAGACATGCACGG,0.6213799512721975
GuideSeq 22,ATGTTGGGAGCTTCTCAAGATGG,0.3386352209881622
GuideSeq 23,CTCCTCCACCGTGTTCTCCAGGG,0.2670110555409318
GuideSeq 25,GAGAAGTACCCTTCAGACTATGG,0.0771023088328743
GuideSeq 26,TCCGTGGAGAATCAAATACAGGG,0.3645397794675328
GuideSeq 27,GATTCGTGAACAGACCACAGTGG,0.2839103362391034
GuideSeq 28,CGTGTCGAGAGTTTATTCTAGGG,0.0898675550499715
GuideSeq 29,CTCCAATATTGCATGATAGTAGG,0.1152205900690824
GuideSeq 34,ACAAAGCTCCAGTTCCAACAGGG,0.5252476982382364
GuideSeq 35,CTGGGATTGTCAATCATAGGAGG,0.3444014636696289
GuideSeq 36,CAGGAGCTGACTCACATCTAGGG,0.328832760702015
GuideSeq 37,AATCAAGTCTTCTTACAAGAGGG,0.6158692994990274
GuideSeq 38,CTACCTTCTCACCAAACACAGGG,0.2822972243870271
GuideSeq 39,TACCAATATGGTTGTCAACATGG,0.5889693171996543
GuideSeq 40,ATGACTCGCGATTTCAAACCTGG,0.0481988327631314
GuideSeq 42,CCAATCAGCTCGTACTTACTTGG,0.0395371263259402
GuideSeq 43,CCATGCCTCACCATTATATAAGG,0.2752803313466007
GuideSeq 46,GGTGAAACCGATGAAGAACATGG,0.1722462355566855
GuideSeq 47,ATGAGCTCGTACACACACAGAGG,0.4144
GuideSeq 48,TTTGTCAAAGCTTTGCGGGAGGG,0.123943661971831
GuideSeq 49,GTTGTAGCCAACGATGTAATGGG,0.4892648539778449
GuideSeq 51,CTGAGGACCTACTGGATTATGGG,0.2149565708636396
GuideSeq 53,TCAATGACCCGGTTCATGGAGGG,0.5310544356740778
GuideSeq 54,CTCCTCAACGGCAGCCACAATGG,0.2145391643750554
GuideSeq 55,AGAAGGTTCCGAGATCAGGTTGG,0.1138549282528896
GuideSeq 56,TCTGACCTGGCCCAGCAGTACGG,0.4065048419979613
GuideSeq 61,GAGGCTTCTGGCACTCAGGTAGG,0.0649803750545137
GuideSeq 63,GTGCAAAGCTGTGGAGTCCTGGG,0.0872623858703786
GuideSeq 65,CTTGGTCTCACTCCACACTTGGG,0.098172865630341
GuideSeq 67,TACCTGCTCCAACACATATGCGG,0.32751717514959
GuideSeq 69,GACCCAGAAGAACCGTTAACAGG,0.1811783107403545
GuideSeq 70,AGATCGGCCAAGGCACCTTCGGG,0.0587005748127503
GuideSeq 72,TGACCGAACAGCTGCTGTATGGG,0.0856357485198759
GuideSeq 73,GCATTGTACTGCTAGCTGGAAGG,0.6246865596790371
GuideSeq 74,ACAGCAAACACCAGGCGGTAGGG,0.1492827198953886
GuideSeq 76,GGATAACACAGCCATCATATGGG,0.1310016296853453
GuideSeq 78,TATGATCCTTCTTCATGGGTGGG,0.1181605002605523
GuideSeq 80,ATGGATGGAGCTGCTATTACTGG,0.1370427099982241
GuideSeq 81,CTGTACTTACCTTTGCTAATGGG,0.438859208893206
GuideSeq 82,CGTGAGTTCTAGCACGTCGGAGG,0.3503610302834357
GuideSeq 83,GTCCGTGAGTTCTAGCACGTCGG,0.1217444906765295
GuideSeq 85,ACGAGCTCCCATGAACACGAGGG,0.2838456507521256
GuideSeq 86,CACATGCTCGAAATGCTTTAGGG,0.2258589144134987
GuideSeq 87,GCACTTGTCAGGAACGAGAAGGG,0.3089297155027619
GuideSeq 88,CTGCAGTTCAGGGTAGACCTGGG,0.1143356869858133
GuideSeq 89,AATGGCCATCCGCATCTCGTAGG,0.1017826546607852
GuideSeq 90,GTCTATGGAGCAGCCCAGCAGGG,0.7109810414383322
GuideSeq 91,GGAGCTGGTCCCGTTCATATGGG,0.1564776313073225
GuideSeq 92,CTGCCGCTTCTGGAACACCACGG,0.196610257475083
GuideSeq 93,GACTTGAGGAAGTTGACGCTGGG,0.4271565344526717
GuideSeq 95,GTACTCTTCAATGGGATGGAAGG,0.5794726166328601
GuideSeq 96,GTGGATGGGAGACTGTATTTAGG,0.1943045940843297
GuideSeq 97,ATGATATCTCCAGGTTCCATGGG,0.0416666666666666
GuideSeq 98,GATCTGATGACTGCCCTTGACGG,0.4596961516730492
GuideSeq 103,ATGGGTTTCGCAGCTTATCAGGG,0.4760651299214079
GuideSeq 104,CTGAATTCCTGAGAGCACTTGGG,0.420330084134874
GuideSeq 105,TCTCCTGCCTGAAGACAACAGGG,0.284248144414918
GuideSeq 106,ATCTACCAGAGAAGACAGGTGGG,0.1772567853644664
GuideSeq 107,GACATAAAGGTTGGACACCAGGG,0.363521868559652
GuideSeq 109,ACATCTGTGAAACCATCGTATGG,0.1617495205782563
GuideSeq 111,GTGAACTTTCCTCAGAGGTATGG,0.0886880856760374
GuideSeq 113,TCATCAAGCTCAGGCAACACGGG,0.1799149625430249
GuideSeq 114,TTGGAACAGGCCGTACTTGTGGG,0.2014465074047403
GuideSeq 115,CATAATGACAGCCTCATCCAGGG,0.287044220325834
GuideSeq 118,ATGAACAGGATCCACCACGATGG,0.1409972406824453
GuideSeq 119,CTGTCCTGCGAACATACCTAGGG,0.0838877985735484
GuideSeq 120,CGTGGTCGCTCTGGACACGGAGG,0.2754125641381223
GuideSeq 121,GCAGTAAACCAGCTTGAAATAGG,0.1129050596930074
GuideSeq 122,AATGACCCAACGCCATTGGAAGG,0.0869266550214912
GuideSeq 123,GATGACATCAGTGTCCGGGTAGG,0.033095353339787
GuideSeq 126,CACATTCCTGATACAGACGTAGG,0.0595391646363795
GuideSeq 127,TCCTGAAACCGAACTTTAACTGG,0.0039868128498044
GuideSeq 128,TACACGAATTCCAGCTGTGAAGG,0.0611976903617017
GuideSeq 130,TTCCAGGTACCTGGTCACCGAGG,0.5283866619596265
GuideSeq 131,CGCCTCTTCCTGGACAGCAACGG,0.057464197888037
GuideSeq 132,AGATGTTGGAGCGGATGTATTGG,0.041010320478001
GuideSeq 133,TACAGAATTGACAGGTTTATAGG,0.0960247805885389
GuideSeq 135,GAGTCTGTCAACCTCTTGGTAGG,0.0609449712294351
GuideSeq 136,CACAGGTACATCACTCAGGAAGG,0.3846824589449208
GuideSeq 137,GGTCCGAAGGCATCAAGTATCGG,0.0391582799634034
GuideSeq 138,GTTTCCAGGTACCTCATAATAGG,0.2083444771329232
GuideSeq 139,ATGTAGAAGAATCCACCATAGGG,0.0998400393749231
GuideSeq 140,CTGAGGAACCATAACTTTGATGG,0.076568526008842
GuideSeq 141,GCCCTCAGCGATCCGCATAACGG,0.2700189469485441
GuideSeq 143,GCTGCGCCCGCGGCAAGGTAGGG,0.2001160092807424
GuideSeq 144,ACTCCAGACGGAGACTTTGAGGG,0.1326003804109274
GuideSeq 145,TTGCCATTACGAGGGTTCTTGGG,0.0582781456953642
GuideSeq 147,CTCATGGGCATTGAAGACGGTGG,0.0495882249868582
GuideSeq 148,GTTGACCTCGATGTCATAGGCGG,0.5445004198152813
GuideSeq 149,CTGCTTAGTCTTGGCCACCTGGG,0.1276065276518585
GuideSeq 150,ATTGCCCTGGAGACGTTAGAGGG,0.2074918566775244
GuideSeq 151,CATGCCTACGCAGCCCACGAAGG,0.2375771172181716
GuideSeq 152,GTCCTGGCCTGGTTCGAGGAGGG,0.3542099792099792
GuideSeq 154,TTACCTCTGGACGTCATAGTTGG,0.1078976462482575
GuideSeq 155,AGATCACTCACCGTGCACATGGG,0.3686987104337632
GuideSeq 156,TCATAGAGGACGAAGACTCCGGG,0.0991325898389095
GuideSeq 157,GCAGTATTACCTCACCACGGAGG,0.1272659082385298
GuideSeq 158,GCTCTGGTGCTAGGTTACGAGGG,0.2336805411462008
GuideSeq 159,TGCTCTGGTGCTAGGTTACGAGG,0.2118511569731082
GuideSeq 161,CTATGTTGATGCTACCTACCGGG,0.2660553112705392
GuideSeq 163,CCTGTGGAAACCGAGCTGGTAGG,0.1520084473580008
GuideSeq 165,CTATGGCAGACAAAGTTAGGAGG,0.2877796676697632
GuideSeq 166,TGTGTAGGTGGAGTTCACGAGGG,0.3073555166374781
GuideSeq 167,GGTGGCGATGGCGTCCAGGTGGG,0.0777088653775994
GuideSeq 168,CTCATTGACTCCAACCACGACGG,0.1083469041266761
GuideSeq 170,TATGACCATGATGCCTTCTTGGG,0.0560444228668527
GuideSeq 172,GCTGAGGCTCATGATGTACACGG,0.7565247139057792
GuideSeq 173,AGTCGTCTGTGATGAATACACGG,0.6793720753074328
GuideSeq 174,CATGTCACAGACACCGGTGTAGG,0.0881078478574867
GuideSeq 175,AATAGAAACCGACACCAAACTGG,0.2094921402660217
GuideSeq 177,TCATAGGTGAACTCAGTTCATGG,0.2928771834555163
GuideSeq 178,GTGGATGAATATGTTAAACTCGG,0.1483817427385892
GuideSeq 179,CGTGCTTTGCTGGCAAGCTAGGG,0.1198870244226615
GuideSeq 180,CTCACGTCTTGTGAATGGTCTGG,0.0575426460183947
GuideSeq 181,CCGTGCTTTGCTGGCAAGCTAGG,0.3412556053811659
GuideSeq 182,AACTCCCACTCTTCCTCCGTGGG,0.0072299557569871
GuideSeq 183,GAATTGCGCTGTTTGCAACATGG,0.4055151008714337
GuideSeq 184,ACTGCCGCTGCGGTGCATGAGGG,0.3391271154090851
GuideSeq 186,GCAAAGCCCTGGCTCCAACCTGG,0.1730496453900709
GuideSeq 187,TGATGATGCACCGGACAGGTAGG,0.5318081529733137
GuideSeq 188,CATCATGACACCCACGGTATAGG,0.0571264367816092
GuideSeq 189,GCTGCAGTCCATCAACGAGTGGG,0.0521407376006782
GuideSeq 191,CATGTCTCGAGCTGATTTCAGGG,0.1818181818181818
GuideSeq 192,GCCTTGCAGGGAGATCACGTAGG,0.0759616159987097
GuideSeq 194,CATATGGTGGTCCTCTTATATGG,0.1469157724079363
GuideSeq 195,GATGAGCAGCGCCACCACCATGG,0.1096794029683875
GuideSeq 196,TCCAGTACGAACATCCTTCATGG,0.3057335171518936
GuideSeq 198,ACAGTTCGTGGTCTCCTAGTTGG,0.1009940632334668
GuideSeq 200,TGTCACTAGAACTGACCTGAGGG,0.0929393666118508
GuideSeq 202,GCAATGGAAACAAACCTCGTTGG,0.0901309705585066
GuideSeq 203,TCTCGCTTTAGGCTCCTAGTGGG,0.2119346436182808
GuideSeq 205,CCCGTCACTGAGGAGCACGTAGG,0.1118003859939343
GuideSeq 206,GTCTGCTGCTCTTCCCACGTGGG,0.011743450767841
GuideSeq 207,TACATCCGCTTCTCCATGGAGGG,0.2568717523909933
GuideSeq 208,GATGTGGAATCTTTCTGCCAGGG,0.011350699792406
GuideSeq 210,ATTGAAGACGGCAACCTCATTGG,0.0766320835986366
GuideSeq 211,GCACGTGGAGATGTACCAATGGG,0.0814852553344521
GuideSeq 212,TATGAACATGGCTTTCTGGTAGG,0.4812563323201621
GuideSeq 213,TATGAAGATGGACCTCGCACAGG,0.0542056074766355
GuideSeq 214,AGTGCAATGTGGCCACAAACAGG,0.1860094310818604
GuideSeq 215,GCATATCAGCATACCCAGCATGG,0.720818169137321
GuideSeq 216,TATGGCCTATGGTCTCCACAAGG,0.0839128171589498
GuideSeq 218,ACAGAGAACCCTGTTATAATGGG,0.3648473447390497
GuideSeq 220,ATGAACTTCTGTACACTAAGAGG,0.2621086432967621
GuideSeq 222,AACCACGGGAACTTCGAGGTAGG,0.1353159632162225
GuideSeq 223,GACCTCCACCTCAGTTTAACCGG,0.1137512639029322
GuideSeq 225,GCAAACAACTATACCTGCGTAGG,0.0892357875116495
GuideSeq 226,AGTGAACACAACGTGTGCCAAGG,0.0760326326620608
GuideSeq 229,CCATGTATGTGCAAAGATGTAGG,0.0711323387778367
GuideSeq 230,TTGAAAGTGTATTTCGTATTGGG,0.260047281323877
GuideSeq 231,GTGATGATCGCAGGGATATTAGG,0.2466313398940197
GuideSeq 236,AGATCAAAGTGGAGCCGGCAGGG,0.0584022038567493
GuideSeq 239,ATGTGAAGCCGAAGGACCTAGGG,0.0959872519194553
GuideSeq 242,TGTGTCCTGAAGTCTCATCAGGG,0.1901292140289516
GuideSeq 243,TTGTGGCCCGAGTAAATCGTCGG,0.0476888497996677
GuideSeq 244,GATTTACTCGGGCCACAACAGGG,0.3623911245194881
GuideSeq 249,GCTTGGCGTGAATGGCGCATAGG,0.1118381773457836
GuideSeq 251,CCAATCAAACCTGGCCAGCAGGG,0.577642919067775
GuideSeq 252,GTCCAAGTCGAAGGCATCCAGGG,0.3471337579617834
GuideSeq 253,CGATGACACCAGTAAGAAATGGG,0.104454325610422
GuideSeq 254,CATGTGCATGGACCGCTACATGG,0.4656726533378516
GuideSeq 255,GCTGGACCCAGGGCTCATAATGG,0.3990795529257068
GuideSeq 256,GCCCGAATGTCATAGATAATGGG,0.1601304229689339
GuideSeq 257,GTGCGCGAATCTGTGTTCACCGG,0.1197485941118094
GuideSeq 258,ACCTACCTTTGGAGCCTGTAGGG,0.4295100257228748
GuideSeq 259,TGAAACAGCTGAGGGTTAAATGG,0.4399138018115088
GuideSeq 261,CTGCCAGCCAAACAAACTCAGGG,0.2090775988286968
GuideSeq 263,CTGTTTACAAACTGACCCAGAGG,0.0664384356504584
GuideSeq 265,TGGGTGCTCCACAGGATACTAGG,0.2577676864244742
GuideSeq 266,TTTGGCATGACACCTTCCAAGGG,0.0277844096932075
GuideSeq 267,GTGACATCGCCAGGGTTGGAGGG,0.4698672114402451
GuideSeq 268,CTGCATAGACTCTTTCACCCGGG,0.2737558290650562
GuideSeq 269,GCGCATCATGGACCCTTACAAGG,0.2036936852905512
GuideSeq 270,TAATTTCGCCCTGGGTTACAAGG,0.4224441648317081
GuideSeq 273,GCAGCATCCCGAAGCATCGAGGG,0.1788116368846261
GuideSeq 274,TTCCAGCACCCTAGAAACCTAGG,0.0469949592865451
GuideSeq 277,CACTGCACCCAAACCCGCCGCGG,0.0706469262954618
GuideSeq 279,TCATTGCCTTCTGACAGCGGTGG,0.0528863906782094
GuideSeq 280,AGAGATATCGCCTCCTTTAGCGG,0.196775187429393
GuideSeq 282,CAGACCTCAAATTCAAAGGTAGG,0.0818505338078291
GuideSeq 283,TACCGAAACAAGGAAACTAATGG,0.119390851940169
GuideSeq 284,GGAGACGATCGCGATGAACACGG,0.2919773672574662
GuideSeq 285,TGGTACGACGTTCCAAGACAGGG,0.060766304852027
GuideSeq 286,CTTCAAAGACAGGAGCGTCCCGG,0.1607019958706125
GuideSeq 287,GTTCTGGCCCATGGCGACGGCGG,0.3944241619648191
GuideSeq 288,GAGCCTCCCGCCGTCGCCATGGG,0.1556067981894269
GuideSeq 291,GAGCCTGAGGCGAACAATGGCGG,0.0439095062966677
GuideSeq 292,ATGGACTACAGTCTGCTGGTGGG,0.2742642454602379
GuideSeq 293,ATACTGTTCTGGGTTCACGGTGG,0.2122361414396812
GuideSeq 294,TCCTATACACAGACAAACGGTGG,0.1339634530560806
GuideSeq 295,AGTGGTGGCAAAGCTCACTAGGG,0.5067993426399148
GuideSeq 296,GCTGAAGGGAACAACTCCGAGGG,0.0347290861712642
GuideSeq 297,GTGTGGCGCCATGTTGACAAGGG,0.3691704574873331
GuideSeq 300,TATACTGGCTGATTATACACTGG,0.0252016129032258
GuideSeq 301,AATATGAACTATACCGTAACAGG,0.4355957394104533
GuideSeq 302,GAAGAATTTGCTGTATCCGAAGG,0.0374956171107994
GuideSeq 303,ACCGTAACAGGTAACTGCAAAGG,0.0212691635940229
GuideSeq 305,AGATACTGACCAGGCCAAATGGG,0.255208032444049
GuideSeq 306,AGTGGTCGGCGACCGATACCCGG,0.1951296494124502
GuideSeq 308,GAACTTTGCGATCCAGACTGTGG,0.0899537331659242
GuideSeq 309,TTTGTGACCCTTAGATTGTAGGG,0.1041666666666666
GuideSeq 311,GTGGAGTTGTTAGTGTCCTATGG,0.0649339725796955
GuideSeq 312,GTTGCTAGAAGGTTTCCCACAGG,0.0418251816752853
GuideSeq 314,GGCGTGAATGGCGCACAGGTTGG,0.286964639981328
GuideSeq 315,AGTCGACCGAGCTGCTAATCCGG,0.08347340418492
GuideSeq 316,GTACAGGGCGGGAGAAGCGGTGG,0.0711787533736844
GuideSeq 319,CTTGCAGCCACGCTTCTGGAGGG,0.8024803216490175
GuideSeq 320,GTGGAAGAGGGTGATTAGGGAGG,0.1148361507224478
GuideSeq 321,TCCACGGACACGTGTAGGTAGGG,0.1528112165415663
GuideSeq 322,GGGCTTCGTACCTCTCACGAGGG,0.6158383719215454
GuideSeq 323,GCACGCGGCGGTACTGCCGGTGG,0.1421918206956774
GuideSeq 324,GCACGCACAGCGGTCCTGGTAGG,0.0011676396997497
GuideSeq 326,ATGCGGTTTACACTTTGTCAAGG,0.1258213379786681
GuideSeq 327,AATTCCCAGGCATCTATATCTGG,0.117338973661681
GuideSeq 328,GTTCAGTTTGCCTTACTCGTAGG,0.1624902723735408
GuideSeq 329,TTTGTCACATCCTACGAGTAAGG,0.3028377806014401
GuideSeq 330,GGTTCCTATGCAGGCTCCGTAGG,0.0617443012884043
GuideSeq 331,GATCACCAGCAAGATTGCGAGGG,0.0999501599036424
GuideSeq 332,CTGCTCGTAACCTTCGAAGTCGG,0.1358234295415959
GuideSeq 334,GAGTGCCACCGGAAGTGCAAGGG,0.076145112880073
GuideSeq 336,CCTCCTCTCCAGGCCGCCGGTGG,0.179216025217347
GuideSeq 337,CAATGCGGTAATCTGCACCAGGG,0.5125312849613047
GuideSeq 338,CCATGAAGCCACAGATTAAACGG,0.2904475288131088
GuideSeq 339,GTGGAGTGTAGAGATATAGTTGG,0.1038787998420844
GuideSeq 341,ACAAAGTCCACCAATATGATGGG,0.2390769435392698
GuideSeq 344,GGTACATCCCGTTCACACATGGG,0.17578125
GuideSeq 346,GCATGCCGAGAAACTTTGGTAGG,0.118040602891418
GuideSeq 348,TCTGCCACTGACACGCTCGTAGG,0.1649521106775452
GuideSeq 349,TATTCTGGCAAACCCATCATAGG,0.2045506405450337
GuideSeq 351,AGTGAAGCAGACATAGACGAGGG,0.0809365161842467
GuideSeq 353,TATGGTTTCTATGGTTACCAAGG,0.2369977678571428
GuideSeq 354,AATGGGCGGCGGCTCCACCTGGG,0.079762689518787
GuideSeq 356,CAACCACAGACACACTTTATCGG,0.04044357469015
GuideSeq 357,ACTGCGAGACAGGCCCACTAGGG,0.166752365281777
GuideSeq 358,CTGGTCCCACCTTGCATAATAGG,0.3625766871165644
GuideSeq 360,AGCACTCACAGAGCCGACCTAGG,0.0541798732171156
GuideSeq 361,GACAGTGACATACTCCACATTGG,0.1274435232372404
GuideSeq 363,GGTGTGCTATATCCACTAACTGG,0.3304418898966463
GuideSeq 364,CACACCCAGACTTACTGGCTGGG,0.0272623465600913
GuideSeq 365,GAGGCACCGGGTACCCATTGAGG,0.3214931352909562
GuideSeq 367,CTTCTGGCACTCACCTTACAGGG,0.237277138343489
GuideSeq 369,TAAAGCCTCACAGCCCACCTGGG,0.296953589391861
GuideSeq 370,TATGGAGTGTACAGCTGCGAGGG,0.0703818230707179
GuideSeq 371,tgtcccgcAGGCAAGCACTATGG,0.2237023173886717
GuideSeq 373,TCTGGCGCTGTCCACTTAATGGG,0.1005783480932586
GuideSeq 374,AGCTATGAGCCCTCTCACGACGG,0.211360829834527
GuideSeq 377,ACTTAAAGCTCAGCTCAGGTAGG,0.195805167145106
GuideSeq 378,TACCTACATCCTGAGCTACATGG,0.4395435712830265
GuideSeq 379,ATGTAGCTCAGGATGTAGGTAGG,0.1033446143956438
GuideSeq 380,AAGCCTTCCAGGATTATATCCGG,0.1751109689286999
GuideSeq 385,TATTGCTGGTATAACTGGGATGG,0.034792259138517
GuideSeq 386,TATCTAAAGTATCACATCCAGGG,0.3897601265533973
GuideSeq 387,GCTGCTAACACTTCCTTAATGGG,0.2888513513513513
GuideSeq 388,AATGGATGCAGCAATACTGTGGG,0.0780685061845861
GuideSeq 389,TGTGAATTGGAGGCATTAGTGGG,0.3974787891764579
GuideSeq 390,ACATGCACTGACTTCTGCAAGGG,0.0681605975723622
GuideSeq 391,TTCTAGACCAGTCTGCAACTAGG,0.4061993472034105
GuideSeq 392,GCATAAGCGGGTGGTCACCACGG,0.4113156602847324
GuideSeq 393,ATGTTCATCGGAGGTCTGGTGGG,0.5415332698797266
GuideSeq 394,CTGCGAACTGACGGGCTACAAGG,0.5110568228687459
GuideSeq 396,GGCTGCTGCATATGAATACATGG,0.5479243217887577
GuideSeq 397,GTGATGCATGCCAGATCGGGAGG,0.2161556768864622
GuideSeq 398,GTTGAATGCAGACATTACCAGGG,0.3383817459221409
GuideSeq 400,TATCCTGCTTCAGTACAACACGG,0.4757456843346414
GuideSeq 401,TAAGGTTGCTGGTTGCTCGAAGG,0.2424421301176371
GuideSeq 402,ACTGACTCCACAAATAGTGTTGG,0.0502304563940352
GuideSeq 403,ACAGAAGCGGACCTTCAGTATGG,0.4330903982087193
GuideSeq 404,TGAGTCGTTTGGGATCACGAGGG,0.1129853862212943
GuideSeq 405,AACATTGGCTCCTCCTTCACTGG,0.0870039051857233
GuideSeq 407,TCCACCCACTGCAAACTGGTGGG,0.2364882337729506
GuideSeq 408,CCTGCAGATAAGAACGTACAGGG,0.550054501508665
GuideSeq 409,GTGGACGAGATCAGTTTGTAAGG,0.6024837894274097
GuideSeq 410,CTACCAACCTGCGATCACCATGG,0.2488362814204016
GuideSeq 411,TCACCTTGGAGACTCATAGAGGG,0.2354540758970619
GuideSeq 418,AACAGAAGCATCTTTCACGAGGG,0.1709395059326979
GuideSeq 419,GGGTGGTCCTTACCACTATAGGG,0.2733602480837868
GuideSeq 420,AGCCTCATCAGTCCTGTCATAGG,0.164404959484526
GuideSeq 422,CTGGACACCAAACACATAGTGGG,0.0560545060390213
GuideSeq 424,CTGGATTGGACCAATCACATTGG,0.0867814645720243
GuideSeq 425,ACCCTTCCGGCGAATCAACATGG,0.2492890197728229
GuideSeq 429,TATGGATCATATGTCATAGGAGG,0.3749694984909779
GuideSeq 430,TGTCTTACCTAAAGAGAACAGGG,0.1698396793587174
GuideSeq 432,GTGACGAAGACAACATTGTTGGG,0.1444499721986479
GuideSeq 438,GATGTTCTCATGGTACACCTTGG,0.1993224260452817
GuideSeq 439,CCCATAATTCCTTCTGACGAGGG,0.1548864592094196
GuideSeq 440,GATGATATCACGCACGTTGAAGG,0.2339357429718875
GuideSeq 441,AGTGCGTGCATGGACCATCAGGG,0.1145852311745827
GuideSeq 443,TGCAGCTGCTAAAGGCTATACGG,0.2925042383143618
GuideSeq 444,GAGATGGTCAACAAAGTGGTAGG,0.2039970753107482
GuideSeq 445,ATGAATGTCTGCGAAAGTATGGG,0.0455389777697884
GuideSeq 446,TACCTCCATTACAAGCTGGTGGG,0.3004411394000504
GuideSeq 447,CTGAGAACGATCTCCCAGAATGG,0.4839662447257384
GuideSeq 448,TTGGCTCACTCTCAGCATTCAGG,0.1576833255488089
GuideSeq 449,GTTCATGCCACCTACTGTAGTGG,0.0838366260620329
GuideSeq 450,GATCTGAAATCACTGTTAATAGG,0.1587494045814749
GuideSeq 451,CAAAGCCGTTGAATGTTACAGGG,0.4867524987294596
GuideSeq 452,GATGTCCTCCAGGGTTTCCTAGG,0.0488887537624274
GuideSeq 453,ATGGTGACCTGACAGCTACTCGG,0.2717398063887564
GuideSeq 454,ACCTAGGTAGTAACCATAGGTGG,0.2399958207083899
GuideSeq 455,GTGAACAAGTACATCGACCAGGG,0.1736471316869242
GuideSeq 456,GCTGCGAATAAAGGAGACCAAGG,0.1353038238037162
GuideSeq 457,GTTGGATGCAAAGATGACGATGG,0.0614166488337256
GuideSeq 458,CATATGGACAAACTCCACCTGGG,0.1010402008663742
GuideSeq 460,CTCCAGGTCAAGCTTCTTACTGG,0.2426764398971774
GuideSeq 461,GATGGCCTGCAAAGCATATCGGG,0.1000306255263762
GuideSeq 466,AATGAACTTACCTTCCAACATGG,0.5947052604934411
GuideSeq 467,GTGTGTCCCAGACTGATACCCGG,0.2084426092293956
GuideSeq 468,TATCAGTCTGGGACACACCAAGG,0.1725600468658465
GuideSeq 469,ATGGTGGACTCTTACCCACAGGG,0.0592277115275411
GuideSeq 470,TTGCACAGCAGAAATATCACCGG,0.0861491628614916
GuideSeq 471,ATGGACAGCAACAATTTCTTAGG,0.0556091547408479
GuideSeq 473,CTTGATGGGAACCTACTAGATGG,0.2115853397767609
GuideSeq 474,GCGTACTGCATAGGAGACATGGG,0.1444021890362675
GuideSeq 475,CTGGATCAGGTGGACCAGGTAGG,0.0989710291865306
GuideSeq 476,TTGATGACCACCTGTACCGTAGG,0.0323785803237858
GuideSeq 477,GAACTGCTCTGCGATCTGGTAGG,0.1880460459709775
GuideSeq 478,GTGGATGCCAAAGTGTGCGTAGG,0.1059526884895006
GuideSeq 481,CTGAGATGATGCCATCCCGTAGG,0.1742556917688266
GuideSeq 482,AATACATACCGTCAGAAGCAGGG,0.1755622692178583
GuideSeq 484,ATGTCCCTGTACGATGACCTAGG,0.0547327029304372
GuideSeq 485,CGTGGCGGCAAGATCATCGTGGG,0.0181975736568457
GuideSeq 486,TATGTTGACAGATTGATCACTGG,0.2353162650602409
GuideSeq 489,TACAGGGTCACTCAAGTAGATGG,0.3904460518384569
GuideSeq 490,GAGCTACGGCCGGAAGATGGCGG,0.0541639424648578
GuideSeq 492,ATGCTGACCTTTCCCATAACCGG,0.2907553384404722
GuideSeq 493,ACCAATTCGAAGATCCAGACGGG,0.4544966922939389
GuideSeq 496,CTCCCAACTGCAATCCACTTAGG,0.1639686684073107
GuideSeq 497,ATGACCGGCGGATTGTGGATGGG,0.0397892441860465
GuideSeq 499,TTGGACCACTAAATAGTACAGGG,0.5797855599152312
GuideSeq 500,ATGCACAGTTCTCACCAGGGAGG,0.3826945412311266
GuideSeq 502,TATTCTCCGTCTGTACACCTGGG,0.2300666581207537
GuideSeq 503,TTTACGTAGAACAGACAGGGTGG,0.3308702037818983
GuideSeq 505,ACTTGACTCGATAGGCTACAGGG,0.4602979122683556
GuideSeq 506,AGTTGTTGATGGCCTCAGGTGGG,0.123300642543118
GuideSeq 508,TCAGAATTCCTCCACGTACTGGG,0.2180717863105175
GuideSeq 509,TATGGTGGATGTTTATGCTACGG,0.0360842595799615
GuideSeq 510,GGTCCTCATGTTAGACACACGGG,0.1070465441470235
GuideSeq 511,GCAACTGGACTGCCTCACTATGG,0.1717255372893287
GuideSeq 512,AGATTTGGATGGGATTGCCATGG,0.0151720915290372
GuideSeq 513,AACATACCACAGGTAAGCCATGG,0.1059128120043028
GuideSeq 514,GCACAGATCCAAATCGACGAAGG,0.0931122448979592
GuideSeq 516,ATCACATCCAATGACTCTGAGGG,0.035118525021949
GuideSeq 517,GGCGCTGGCCACGTGCAGGTAGG,0.2581569664902998
GuideSeq 518,GTGTTTGAATCATCTTGGAGAGG,0.1364213197969543
GuideSeq 519,TCTGCTCCTATCCCTCACGATGG,0.1121074290664934
GuideSeq 520,ACCTTCCAGTATAAACTATATGG,0.3004505204287712
GuideSeq 522,GTGGTACCAGCTGGCTTAGAAGG,0.2789806380966602
GuideSeq 524,TCCAGCAAAGAAGGCTGGTAAGG,0.0784671532846715
GuideSeq 525,CTGCATATGAACATTAGTATGGG,0.084512285927029
GuideSeq 526,AGTGACATCGCCTTCTTTCAGGG,0.1142876637554585
GuideSeq 529,AACCTGCGCAGCAACGAGCTGGG,0.2708113804004215
GuideSeq 530,GGCCAGCACTGAGCTGAAGTGGG,0.102196752626552
GuideSeq 531,TAAGCTGTGACGGATCCTTAGGG,0.1206413502109704
GuideSeq 532,TACAGCCTCCTCAACGAATACGG,0.1071145549000616
GuideSeq 533,TCAGCGCACGACAGTCACGTGGG,0.1555971312753352
GuideSeq 534,GTCCGGGTGGTGGATCTGGAAGG,0.3035141206675225
GuideSeq 537,CATCACCAGAGAACTCACTAAGG,0.2339699863574352
GuideSeq 539,CTGAAGGCCAAATCAACCACGGG,0.0686340869094355
GuideSeq 540,CTGATTAAGAAATACCCATAAGG,0.1113996597116504
GuideSeq 542,ACTTACCTCCAGCTCATCAAGGG,0.1631701631701631
GuideSeq 543,TTGCTGCCTGAGGTTCTGGTGGG,0.3238416385662545
GuideSeq 546,GTGTCTGGTCTCAGGATAAGTGG,0.3077595246417337
GuideSeq 547,CTGTGAGGGAGGAGATCCTAGGG,0.0621806157942199
GuideSeq 548,GACTGGGACCCACCTCAGGTGGG,0.105714883818296
GuideSeq 550,GCCTTGCTCTTGACCTGCGAGGG,0.0469080897924608
GuideSeq 551,GGAACCGACAATGCAGAGATGGG,0.0308529945553539
GuideSeq 552,CTGTTCCATGGCCTCGTACAGGG,0.4717182936361018
GuideSeq 554,GTGCATCTCGACATCCAGGTTGG,0.1160409556313993
GuideSeq 556,GATTCCTTTCAGATTAACGTCGG,0.229971851123721
GuideSeq 557,TTGAGAACTAGATACGAACAGGG,0.4293783466109442
GuideSeq 558,CTGGTTATGGGCCTACAGCAGGG,0.3598802395209581
GuideSeq 559,GTGGATGATTACTACGACACCGG,0.1357930158986035
GuideSeq 560,GCCACATCCTCAACCTGTACCGG,0.13321609144867
GuideSeq 562,CTGTAGATGGCCGCAAACCAGGG,0.1621815229590009
GuideSeq 563,CATTGGTCTAGAGCTTTATAAGG,0.2937734500625335
GuideSeq 564,GTGGAATTGCGCTTCTTACCTGG,0.1249064271200941
GuideSeq 565,TACCAAGACCCAGCCCAACTTGG,0.2017035775127768
GuideSeq 566,GACCAACTGTGGTAGTAACAGGG,0.1626952122589632
GuideSeq 569,GATTCTCCCATTGCACATATAGG,0.204558760391866
GuideSeq 570,GATGACCTCACCTTCACCAAGGG,0.0938779336854276
GuideSeq 573,ACTATCCAGACCTTGGACCAGGG,0.1198607427055702
GuideSeq 574,GAGGCTGCCTCCACACACGTAGG,0.1338398597311513
GuideSeq 575,ATGCAACTCACCTTGATCCAGGG,0.3577089337175792
GuideSeq 578,GCTGAAACCCGATTCCTACCGGG,0.3607594936708861
GuideSeq 580,TCTGAGCAATGGACCACCATAGG,0.0311906092789267
GuideSeq 581,tgctgGGCCTGAACGCAGGTAGG,0.2950415768401601
GuideSeq 582,CATTATCCTTGACCATTATTTGG,0.120817843866171
GuideSeq 583,CCTGCCACTCACCTGATATACGG,0.2892282740910934
GuideSeq 586,TCATATTGCTCGTAACATCAGGG,0.2919628892364567
GuideSeq 587,CTGCACATCCACCAGCACCGTGG,0.4934031624534193
GuideSeq 588,ACAGCTTTACCTATAGAGAAAGG,0.2571493532740501
GuideSeq 589,GGAGAGCACGGCGACCACGTAGG,0.061361370434152
GuideSeq 590,GGTGTGCGGCCAGGTCAAAGAGG,0.2803560590734372
GuideSeq 593,TATGGGCAGCTCTTAATGCCTGG,0.0572916666666666
GuideSeq 594,CTGGCCCAGAGTATCCATCGAGG,0.2937069911239653
GuideSeq 595,TCGATATTCTGAGGTCACAATGG,0.5491460333501769
GuideSeq 596,TTGATGGTCACCGGGCGTGTGGG,0.3890820136474829
GuideSeq 597,ACTCAGCAGTGCGCGGTACTCGG,0.2313764183522447
GuideSeq 598,GTTGACACAGCAGTGCGTGTAGG,0.0778901949114715
GuideSeq 601,GCGCAGGGCGGTGGGCACAAAGG,0.3086330935251799
GuideSeq 603,GGTGTTTGGAGTTTCCATCCCGG,0.344061551798873
GuideSeq 604,CTGACAGGTGGATTTCGACAAGG,0.0804514889529298
GuideSeq 605,CACCTGGTATACATTCTGGTTGG,0.3993619930123044
GuideSeq 607,GAAACAGCTTCCACTCTCGTAGG,0.1440677966101695
GuideSeq 609,TACCTCTGTTGATCCTGTGAAGG,0.0692019950124688
GuideSeq 610,AAGCTCTGCACGTTCACGATGGG,0.3846666032531152
GuideSeq 612,GAGATTGCCAAGGTCACCGAGGG,0.1250249451207344
GuideSeq 613,GCAAATCGCTAATTCCAGCAGGG,0.6672760511882998
GuideSeq 614,ATGCCACCCAACGGATGAGAGGG,0.1172387196297724
GuideSeq 616,GATGTCCCGCAAGTGTGCGCTGG,0.1200173310225303
GuideSeq 617,CCTTGTGAAAGATGCCACATGGG,0.1054434030281182
GuideSeq 618,AGTCCCAGCCTAGCGCACGTAGG,0.2356623520589482
GuideSeq 619,GGAGGAGATTGAGCGCAACAAGG,0.3475959875475614
GuideSeq 620,CTCCATGTTCACAAAGACGTTGG,0.1484761019519593
GuideSeq 622,GCTTATCTTCCTCATCTAGGTGG,0.1846959122632104
GuideSeq 624,TACCGCAGCGAGTACATGGAGGG,0.2970336852689794
GuideSeq 625,GCTCGGGACTCAGCAGTGCGCGG,0.8311980853160637
GuideSeq 626,GATGTAGGCGCTGAAGTCGATGG,0.2682806324110672
GuideSeq 627,CACCAAGGAGGTGCACACCCAGG,0.0721370338758572
GuideSeq 628,GCAGAAAGCAATAAGCACCAGGG,0.2570270084530273
GuideSeq 629,GACCCATGAAGTTGAAGTTAGGG,0.0678431062224684
GuideSeq 630,TAACAATCTTGCCCACACGAGGG,0.3839904420549582
GuideSeq 631,GGTTGTCTACCTGAGCTACATGG,0.1238283751528206
GuideSeq 632,GCAGTTGTCCAAGTTGGGCTGGG,0.0752903176190109
GuideSeq 633,ATGCCACCTGTGAGTCACACTGG,0.2361885453623923
GuideSeq 634,GGCCAGCCCGGTAGAGAAGGAGG,0.068207126948775
GuideSeq 635,AACTGACATCGGAAGCAAGAGGG,0.2021966681409406
GuideSeq 636,GTGCCTCAGCCCACGATACTCGG,0.2671067106710671
GuideSeq 637,ATCCAAATGGGAGAATTTCTGGG,0.2596525096525096
GuideSeq 638,GATGGCACGTGCCCACTCGTGGG,0.0781352593565331
GuideSeq 639,ATGATCCTCAACGACCTCCTGGG,0.1788221336057739
GuideSeq 640,GGAAGGAGCCATTATATCCAGGG,0.1521405260126704
GuideSeq 641,ACAACATCAGCCCTACTATTGGG,0.2888008014984536
GuideSeq 642,GATGCCATCCTGTTTCTGTATGG,0.3118560786178475
GuideSeq 643,GGGAGCGGCTATAACCTTCCCGG,0.0703664620107444
GuideSeq 644,GATCAATGAGATGGTGAACAGGG,0.5608345052245581
GuideSeq 645,CTCAGCCGCGTTCAGCACATGGG,0.1398028699811566
GuideSeq 646,CGTGCTGGCAGGGATCGTGATGG,0.1315115928937067
GuideSeq 647,TCACCGTCTCCTCCACAGCTGGG,0.3414137839511634
GuideSeq 648,TACATCAATTAAGTCCTTACTGG,0.2033175540863033
GuideSeq 649,GCCCACTGGTACCTTCATGTAGG,0.1198598842522083
GuideSeq 650,AGATGGCAGGCGGAAGACACCGG,0.0713190184049079
GuideSeq 653,GTTCACACAGCAATGCAGACAGG,0.6116531920825202
GuideSeq 654,GTCGGGAATAGTCAGCAGGAGGG,0.1664159976274705
GuideSeq 655,ATGTATGTCCCAGAAACCTGTGG,0.1351662859657579
GuideSeq 656,GTGCTGGCAGGGATCGTGATGGG,0.5936014128515147
GuideSeq 657,CATGACCCGAGTATACTACAAGG,0.1633270575578267
GuideSeq 658,GATACTCACTCACCTGTATAGGG,0.36593707250342
GuideSeq 659,GTGCCAAGTGAAGCCAGGGTTGG,0.0700467929696416
GuideSeq 660,CATGTGCTGAACGCGGCTGAGGG,0.3402163225172074
GuideSeq 662,GATGGGTCCTGGCTTCACCAAGG,0.2052019750398507
GuideSeq 664,GCAGGTGCTCCGAGCCACATGGG,0.1061557788944723
GuideSeq 665,ATACTTGCCAAGGGCGTAGAGGG,0.5120495886919244
GuideSeq 666,TACTATCCATGCCAGCACCAGGG,0.1884496851132252
GuideSeq 667,CTCCAGCAGGTCTTTCAATAGGG,0.1899745731928805
GuideSeq 668,CCTGGGTGCTCGAGACCATAGGG,0.0884377210080554
GuideSeq 669,CTTCAGTCGACAGTAGAGGAGGG,0.2895873771210319
GuideSeq 671,GATGATGCCTGAGAGAGAACAGG,0.0623552467486192
GuideSeq 672,ATGATGCCTGAGAGAGAACAGGG,0.2159054845503592
GuideSeq 673,CTGAGAGCGACTCCATTCCGTGG,0.1294670846394984
GuideSeq 674,CATGGAACTGGCGGTAGCGGCGG,0.0544619422572178
GuideSeq 675,ATTGCTGATAGAGCGATACCCGG,0.4678301393313995
GuideSeq 676,CTGGGAGCCCGTGTCCAGGTGGG,0.2841785463893433
GuideSeq 677,CAATCATTTGACGTCCAGGTGGG,0.1363636363636363
GuideSeq 678,ACAGCGACCTCAACACACAGAGG,0.3129704287728636
GuideSeq 679,CCTGGCCTTCCAGCCATAATTGG,0.2606527651858567
GuideSeq 684,GAAGGCGAGGCTGCCGAGCCCGG,0.0871369294605809
GuideSeq 686,AACCCGGACAGATTCATAAATGG,0.3723208436027829
GuideSeq 687,CATGTCTAGCACAGTATAATAGG,0.2154215976331361
GuideSeq 691,CCCTTAGAGGAAGTGATAGTGGG,0.1318985358209686
GuideSeq 692,TGGAGCACGTTGATCCACTAGGG,0.2778408504489627
GuideSeq 693,GTACTATGTTCCCAGCTACGAGG,0.4606276472853292
GuideSeq 694,TTTGCAGAATTGGTCCACCTGGG,0.2008337576374745
GuideSeq 695,GATGTGTATAGCGGTGAACAAGG,0.2973174366616989
GuideSeq 696,TAGGCATTGAATGGATGCGTAGG,0.0811778960122214
GuideSeq 697,AGCTGAGCCTCGATAGTACATGG,0.478574151734655
GuideSeq 698,TCTGGAGCCGTCCACTTAATAGG,0.1534986163664087
GuideSeq 699,TTCCAGGAGATGGCTCAGGTAGG,0.1768390448297239
GuideSeq 700,TACTCCATCATCTTCTTAACTGG,0.0151515151515151
GuideSeq 701,ATGCTGATCCCAATGTAGTAAGG,0.4120718783596989
GuideSeq 703,TCCGTGTGTCCAGCTCAACTCGG,0.0116731517509727
GuideSeq 705,GGAGTAAACGAAGTGTTGGATGG,0.2001962173652368
GuideSeq 707,TGCCCACAGAGGAGCCAATCCGG,0.1700855410680176
GuideSeq 708,TACCGTGTCTGTGAACTGGTAGG,0.2722926731078905
GuideSeq 709,ACATGGTCTTGATTCCAAACTGG,0.1543849409017948
GuideSeq 710,CTTCTTGTCCAGTTTCACGAGGG,0.4336402701043585
GuideSeq 711,ATGGCCACGAAATTCCTTCAGGG,0.1025915757048148
GuideSeq 714,GAGTGGTGCTCAAGACACTATGG,0.1572915294427611
GuideSeq 715,GTGATCACGAACAAAGGTATTGG,0.0416471172687881
GuideSeq 720,GACAGAGGACAGGCCCAAGGTGG,0.2231421249753597
GuideSeq 722,ATGAGCTGGTGGAGCTACACCGG,0.0532493965068395
GuideSeq 725,CTGAGCATCACGGTACTCACGGG,0.2987569844921863
GuideSeq 726,CCTGATACTAGAAGTGAGGTAGG,0.1358788455616829
GuideSeq 727,GCTGGGCTGAGAAACAACAGCGG,0.0467062774476879
GuideSeq 728,CGAATCTTCTTCAACCTATTAGG,0.188208269525268
GuideSeq 730,TATCTTCACCACTTTCCCGTGGG,0.1139670223084384
GuideSeq 732,CTACCTCATCAGTATCTACCGGG,0.3208612125939001
GuideSeq 733,GAGCTGTACAGACTCCACCTGGG,0.1093966712898751
GuideSeq 734,TAGTCTCCAAACTTGGAAAGCGG,0.1904304967941728
GuideSeq 736,CTGCCGGTGCAGTTCGTTCTCGG,0.4509236909399422
GuideSeq 737,GTGTATGAATAGCCGTTAGAGGG,0.1763217645150827
GuideSeq 739,CCTCACTTCTAGTATCAGGAAGG,0.4136560693641618
GuideSeq 740,AGTGACAATGATTCAGACAGCGG,0.0695652173913043
GuideSeq 741,GCTGCAGGAATTATGATAATGGG,0.1549116934087498
GuideSeq 742,GTTGCTAGGATCAATAGTATAGG,0.0486498385676548
GuideSeq 743,TGCTAACCCAAATCCATCGTAGG,0.077347614570132
GuideSeq 747,GGCTAAGATGCAGTCCACAATGG,0.5505136986301371
GuideSeq 748,CTTGGTCCGAAATGACTATGAGG,0.2505775511829841
GuideSeq 749,GTGTGAACTTCCGGCTGAAAGGG,0.1397374400403938
GuideSeq 750,TTGTGAGCGCCTTCACACGCAGG,0.1500818628342732
GuideSeq 751,ATTGAGATTGAGGGATTAATTGG,0.1778444444444444
GuideSeq 752,CTGCAAGGGTAGTATATACCTGG,0.1838655028910249
GuideSeq 754,TAGAGGTGCAGGCTGTTAATGGG,0.1572182383980516
GuideSeq 755,GTCCACGTTTGGCCACACCTGGG,0.2140378445622995
GuideSeq 756,CTCAGGTGGAGGAGTATACAGGG,0.3760594958167004
GuideSeq 759,CAGATTCCCAACGCTTGAACCGG,0.1455318514098165
GuideSeq 761,CCATGGATTCGGGCTCACCTGGG,0.1553459498553519
GuideSeq 762,TCCGTCCATGGGCCGCACATAGG,0.0869758196800401
GuideSeq 763,ACTGAGAGCCGAGTGTTAGTGGG,0.1028301886792452
GuideSeq 764,ATGAGTATGACTTTGAACGTGGG,0.1154334038054968
GuideSeq 766,GCTTCAGTGACATAGTTACTAGG,0.1664463538224278
GuideSeq 767,TCAGTGGCAAGAAACGACACCGG,0.0749622647321566
GuideSeq 768,TCTGGTTGAAGCACTATGGAGGG,0.3707442668103706
GuideSeq 769,CCACCACCTCATGGTCAGGAGGG,0.6040418789095555
GuideSeq 770,CTGTGCTGATCTACATCTGAGGG,0.082051282051282
GuideSeq 771,GATGGAGAACCGTGATTACCGGG,0.1965682910089224
GuideSeq 772,CCAAACAGTTCCTTATTACTTGG,0.2039478256840349
GuideSeq 774,GCCCAGCTCAGCTCCAGGTAGGG,0.1095605700712589
GuideSeq 775,ATTGGATGATGTGCACTACCCGG,0.2527903976667227
GuideSeq 776,TGCGTATGGGTCACGCACATAGG,0.0739863325740319
GuideSeq 777,GTCATCCTTACTTTCTGGGTGGG,0.072610294117647
GuideSeq 779,GCTATTCACCAGCACGCTGTGGG,0.1112183141829664
GuideSeq 780,TGTGTGGGTTGTAGCCACCAGGG,0.2025437391771661
GuideSeq 782,GATGATTCTAGTAGCCACAGTGG,0.1947874446224903
GuideSeq 785,CTGGATTCCAGTGCACAGTTTGG,0.5507585478149294
GuideSeq 787,TGCCAGGGTCCTGTATTAATAGG,0.2501656565656566
GuideSeq 789,TGATGCCGTTCATAAATAACAGG,0.3048401826484018
GuideSeq 790,ACATTGACGATGGACTACCAGGG,0.0600739640662764
GuideSeq 791,GTGGCTCTGTCCAAACACACGGG,0.1488801571709233
GuideSeq 792,CTGATGATCCACTAACAACCAGG,0.1255538953009068
GuideSeq 793,TTCCAGGCACATCAACAGCAGGG,0.3800814162643189
GuideSeq 795,AATAATTGCACTTACGATGTAGG,0.1114833680899798
GuideSeq 796,GATGTCAACATGGACATAGAAGG,0.1997047898655334
GuideSeq 797,TTGTTGCAGCGCCAGTGCGTAGG,0.1572191112420997
GuideSeq 798,GTTGTTCCGGGCATACTCAAAGG,0.1493778567800914
GuideSeq 800,AGCGCGCTCTACTTTCACATCGG,0.1561106786497771
GuideSeq 801,GAGTCCTCCACGGGCAGCGTGGG,0.0612425381384037
GuideSeq 802,TAGCTGCCTACTCACCAGAAGGG,0.6398084128394299
GuideSeq 804,GGACGTCATCTGGCTCAGGTAGG,0.1055103200151486
GuideSeq 806,TTCACCATATGGCTGTTACTAGG,0.2542121829290872
GuideSeq 807,GGGTTCATGAGCTCATCTGTTGG,0.1193560606060606
GuideSeq 808,TACGTTCCTGCACTGCAGGTAGG,0.2344500892489359
GuideSeq 809,GGGTGTTCTCTGTATCACGATGG,0.1425789018887075
GuideSeq 810,CTGGTCCCAACAACAATTATAGG,0.1655040453196329
GuideSeq 812,GTGTTTAGGTGGTGGCCCTAGGG,0.0848828836460671
GuideSeq 813,ATGTAGATGGTCAGCGAGGAGGG,0.1561545233286727
GuideSeq 814,AGGCACTTGCGAGAGTTAATGGG,0.2777032961952753
GuideSeq 815,GGTGCATTTGGCGTGTTTGTAGG,0.2407925407925408
GuideSeq 816,CTTGGAGCGCACAAACACGTAGG,0.0626158893167879
GuideSeq 822,CGAAGAGTGAACTGCAACGTAGG,0.1878047081766262
GuideSeq 823,CTGACCGCCTCAGTGATTTAGGG,0.5647315582714971
GuideSeq 824,CTTGGTCGACAAGGAGAACACGG,0.0970157179269328
GuideSeq 825,TCCATCTCCTCGTCGTCCTTCGG,0.0550171928727727
GuideSeq 826,GATTCCAGCACATTAATGGTGGG,0.3765530074982213
GuideSeq 827,TTTGGAGTCGAGGTTGTAGTAGG,0.3720394736842105
GuideSeq 828,GCACATGGGTGTGGTCACGAAGG,0.2120232172470978
GuideSeq 829,GTTGGACTCAGCTGCCTACTGGG,0.2348772462667679
GuideSeq 830,TCAATACTTGGCCTTGACTTAGG,0.0975108929734061
GuideSeq 831,CAGCCATGGAAGACCTTACACGG,0.2338063837134729
GuideSeq 834,CCATTCAAGAGGAGTTCTATAGG,0.0095905569900405
GuideSeq 835,ATCCTGAGGATTTCCTGCATAGG,0.0844985261884967
GuideSeq 836,AAGTAAGTGCACACGATTCAGGG,0.3843921315704612
GuideSeq 838,AGTTGTTGAAGTAGGTGCCATGG,0.0514322626631621
GuideSeq 839,ACAGGCACCTGATCACTCTAGGG,0.2056124133377352
GuideSeq 840,TAATCATTCGGCAGACAGCTGGG,0.3525742717046438
GuideSeq 843,GTCCATTCCACAGGCTCCGAGGG,0.1274338417023328
GuideSeq 845,ATGGCGGCCTCCATGTTCTACGG,0.159413540319103
GuideSeq 847,TAGGTTGTCTCCAAACACCATGG,0.223659586093846
GuideSeq 848,TACCGCAGCCATGAAGAACCAGG,0.0919987861622496
GuideSeq 849,AACATTGATCATCTTCACGTGGG,0.2081855451655995
GuideSeq 850,ACAATGCAGTGTATAAAGGTGGG,0.1972303670470201
GuideSeq 851,TACCTGTAACAGCTCATCACGGG,0.1985948258729732
GuideSeq 852,TACCACGTCAATCTCTGTGTTGG,0.0818887685084868
GuideSeq 854,GGTCAAGGCTGCCTCCAGGAGGG,0.4250219234142064
GuideSeq 855,TCACCTCTTGCAGATCTCATCGG,0.2773797942277645
GuideSeq 857,CCTGGTAGTAATCTCCTAACAGG,0.3753320839425829
GuideSeq 858,GCATCCTTCAGCTCCAAGTAGGG,0.3766456286464094
GuideSeq 860,GAGCCCAGGTTGTATATGAGAGG,0.320880644881685
GuideSeq 861,TCATACATATCCAACATAAGAGG,0.1636542885310548
GuideSeq 862,TTTGCCGAGAAAGGTGAACAAGG,0.3164980863860033
GuideSeq 863,GCCTGCCAGACAGAAAGTTATGG,0.0733902285887031
GuideSeq 864,TTGGCTGGAGGAATGTTACACGG,0.2635167124325348
GuideSeq 866,CACCTTTGACCTGAAGAACAAGG,0.2369281045751634
GuideSeq 867,CTGCTGGAATCCAACATCAAGGG,0.2188735784638813
GuideSeq 868,GGCTACATGTCTTCTGAAACCGG,0.1451298368059119
GuideSeq 870,CTGCCCATCGTGTACTACGTGGG,0.1524913093858632
GuideSeq 871,GCTGCCCATCGTGTACTACGTGG,0.2934303350970018
GuideSeq 872,CTGATCACCACTGGTATATGTGG,0.0065573770491803
GuideSeq 873,TGTGACTCAAGTCTGTAGGAGGG,0.1239348012582213
GuideSeq 875,TATGACCAGGAAATTTATGGTGG,0.1143826729214492
GuideSeq 876,TATCATTAAGCAATGCCACAGGG,0.1193758480325644
GuideSeq 877,CTTCGGACTTCAGAATTGGTAGG,0.141207075962539
GuideSeq 878,GACAGATCTGGTGCTCACCAGGG,0.4494966556313762
GuideSeq 879,CCTCTTTGGAGTAGAGAATATGG,0.0971198928332217
GuideSeq 882,GTTGATGCCTCGGCTATTGCCGG,0.1358348008007104
GuideSeq 883,AGGGACTTGACTGGAAGGGTGGG,0.0569772742072019
GuideSeq 884,TGTGCCAAGTGGTCGAAACTAGG,0.0575897435897435
GuideSeq 885,TACTGCCAGCATCTGTTTACTGG,0.0702605838871052
GuideSeq 886,ATGGTGAATGCCAAATTTGAAGG,0.135830072666294
GuideSeq 887,GCTGGAAAGATCAAGCAGGTGGG,0.0684867847807144
GuideSeq 888,AGCTACTGGTAGCACCAGGAGGG,0.3681299409114211
GuideSeq 889,GACTGACCTGGTAGGAGGGTAGG,0.0335542272215113
GuideSeq 890,TATGCAAATCGACAGTGGATGGG,0.0702281475917754
GuideSeq 891,CGTCCGACACAGAGACACGGTGG,0.0883799540439431
GuideSeq 892,GGTACCAGCGGAGTCCGCAGTGG,0.0485740266181697
GuideSeq 893,TTGGCCTTCACGTACCGTTATGG,0.1354575689303722
GuideSeq 895,TTCAGTCCGAGTTCCTTAGTTGG,0.0831333187868208
GuideSeq 896,GTACTATCCTAATGGCTACTGGG,0.3330978906475744
GuideSeq 898,TTTAACAAAGGCCAAGACCAAGG,0.1065095943648287
GuideSeq 903,CTCTGTGGATGAATCCAAGTTGG,0.1354286163274927
GuideSeq 904,CTGAAGTACACAAAGTTTCAAGG,0.3119527521203173
GuideSeq 905,TTGGTGGCTCACAAACAGTAAGG,0.3022285937703636
GuideSeq 906,CTCCACCGCCGCCTCCACCTCGG,0.0531843387665938
GuideSeq 908,GGTGACAGGACTGGCCGCTATGG,0.0333750335090697
GuideSeq 911,ATGAACGGTAGTCCATGTCCCGG,0.042647696085512
GuideSeq 912,GAGATCTTCGTGGAGCTGCAGGG,0.3161120397102771
GuideSeq 913,CTTTACATCGCTGAGAGGTAGGG,0.1609183100099002
GuideSeq 914,TCCTGGAAACGTATCTTAATAGG,0.122473604826546
GuideSeq 915,CTACCTCTCAGCGATGTAAAGGG,0.4026759744037231
GuideSeq 916,TATTTACAGGCTATGATTCCCGG,0.1713709677419354
GuideSeq 918,AAAGCAGTTCCTACCTTAATAGG,0.1606108478146392
GuideSeq 920,GATTATGGAGAAGTCTGGCGAGG,0.0477904131279689
GuideSeq 921,CTGCTCTTCCACAAACCTAAGGG,0.1058160801814324
GuideSeq 922,ATCCTGAGGAGAGCTGTAGTAGG,0.1605450236966824
GuideSeq 925,TATGACCAGGCGGGCCACGGAGG,0.1769574731233945
GuideSeq 927,TTCCACGGCTGCTACATACATGG,0.1887532453184555
GuideSeq 929,CGCCTCTCGGATGTCCTGCTCGG,0.5311137821673207
GuideSeq 930,GGAGAAGCTGCCCACATAAACGG,0.4285073555794761
GuideSeq 933,GTGCTAGGGACTTGACTGGAAGG,0.3822102982148385
GuideSeq 934,GTGTCCTCCATTACGCAGGAAGG,0.4151702786377709
GuideSeq 935,TGGCCTTCACGTACCGTTATGGG,0.1666666666666666
GuideSeq 936,GCATTTGACACGACATTGGGAGG,0.1695490396457301
GuideSeq 937,CACCGCTTCATCTGAGACCTTGG,0.1211884284597341
GuideSeq 938,ATGTCTGTGACCGGAATTATGGG,0.1014148507693896
GuideSeq 940,GATGATTACTTGTGGCCACTGGG,0.1362024643205389
GuideSeq 943,CAGACATGCTGCCATCTTCAAGG,0.395201687318745
GuideSeq 946,ATGTATGTCTCCCAATCCAATGG,0.0673092525881933
GuideSeq 947,TACCTGTAGTAATGGCTCGATGG,0.2361934107608438
GuideSeq 948,CTGATAGCTCTTGGGCTACCTGG,0.5560487752700823
GuideSeq 951,GTGACAGAACAGGCGATGACAGG,0.6142508018939973
GuideSeq 952,CATCATGTCAAAGCTCGGCCGGG,0.2271408305390766
GuideSeq 953,GGAGCGGACAACAGACGACAGGG,0.1488286229176739
GuideSeq 954,AGAACGGGCAGACCCGATGATGG,0.1047958845004978
GuideSeq 955,CGTGCTCACAACGGACAATAAGG,0.4605352617590704
GuideSeq 956,GTTGATGAAGATGCGCTACTTGG,0.2982885650276
GuideSeq 957,ATTGTCCGTTGTGAGCACGATGG,0.1239587052243246
GuideSeq 959,CGTCGCCTTGCAACACTACTAGG,0.2286242299794661
GuideSeq 961,GATGTTGGCGAAGACCCGGATGG,0.0970662685792172
GuideSeq 962,CCTGTTAGGAGATTACTACCAGG,0.2411489444937633
GuideSeq 964,GTGCAAGTGCATGATCGACCAGG,0.0852140077821011
GuideSeq 965,GCATGGATCTCATTGCAGTATGG,0.4529147982062779
GuideSeq 966,GCTCCAGCCTCAGACGACGAGGG,0.1501889104462371
GuideSeq 968,GTGAGACACGAGTTCCATTATGG,0.1912797951277168
GuideSeq 969,TTTGTTGGAACAGGACAGCTGGG,0.421723381190344
GuideSeq 970,ACTATGGCTCATTCGTTACCCGG,0.166905558209906
GuideSeq 972,AGTAATTCCCACATTCGTACTGG,0.0791849965269738
GuideSeq 973,CCTTCTTAGTGATACCAACATGG,0.2203092059030217
GuideSeq 974,TTGATGAAAGGTAGCCAGGTAGG,0.1809618952476095
GuideSeq 975,AGTAGGATCCCATTCGACGTCGG,0.0788833105127034
GuideSeq 977,ACTGTAGTAGACGACCACCAGGG,0.1273780764004227
GuideSeq 979,GAACTCCTGGACCTGCTTCAGGG,0.2858218613954583
GuideSeq 980,AGGTGTTTCCTCAGTAACCAGGG,0.0888582744962975
GuideSeq 981,ATTGTACAGCTGAAACTCCAGGG,0.2197794680967494
GuideSeq 985,CCAAGGCTCTCTCTCAACGATGG,0.0691938679737198
GuideSeq 988,AAAGGCGGCTAGCCACAGTAGGG,0.3874110633933722
GuideSeq 990,AATGCCAGGCACCTTCAGGTAGG,0.1371542013724051
GuideSeq 991,GCATGACCTGCCTCCTTACCGGG,0.0738012149411916
GuideSeq 992,GATCCGGCTTGGATGATGGAGGG,0.4051387461459404
GuideSeq 993,GGGAATGCTGAAGTTCAGGTGGG,0.2913447688883069
GuideSeq 995,GGTCTGGCTGTACTGCTGCAGGG,0.6011644040590908
GuideSeq 996,ACCAACACCTCTCCAGACTAGGG,0.1535409640944257
GuideSeq 997,TTGCAAGGGATCTTCATGTAGGG,0.5787814230933106
GuideSeq 999,GATTGCCACACCAGTCGGTAGGG,0.0871352652160834
GuideSeq 1001,ATGTTCTTACTTACAGACATGGG,0.087995672898144
GuideSeq 1004,TTCCCTAACGCATCACTAATTGG,0.2407754846779237
GuideSeq 1005,GGTGTCCACGGCCTTCAGTAGGG,0.3017275484636687
GuideSeq 1006,GTCACAAAGGCACTCCAGGTGGG,0.1640780849244799
GuideSeq 1009,GGTCTGGACGGTTCACAGCAGGG,0.6259980147598291
GuideSeq 1012,GTGTCCTGCCGCATCTGCAAGGG,0.0831483174437334
GuideSeq 1013,GCACCTTCAGGATTGAGACCCGG,0.0496327443048754
GuideSeq 1014,GAGTTGGCAACCAGCCAGTAGGG,0.4349968473412578
GuideSeq 1015,TTGACGTGGTGCTCACAGGGAGG,0.3352283976806675
GuideSeq 1016,TACAAACAGGACAAGCACTACGG,0.3904457845571716
GuideSeq 1017,GGCAAGGGTCTCCTTACCATAGG,0.0401371232681045
GuideSeq 1020,TAGGTAGACGAAGTTCCTGATGG,0.1085858585858586
GuideSeq 1021,CTGCATCTCGGGAATCAGCTGGG,0.2508511595040792
GuideSeq 1022,GATGTTCTAAGATTGAGTCAGGG,0.0841709317382993
GuideSeq 1023,AGTACTTCCCGGCTCCATCTCGG,0.0889169827222924
GuideSeq 1024,GTGTTAGGGACCTTTCTTATAGG,0.252977503308337
GuideSeq 1026,ATGCAGGAGCCGAGTCTCCAGGG,0.2847980997624703
GuideSeq 1028,AGATGATCCAGCGTCTGTATGGG,0.0881546134663341
GuideSeq 1030,GTTGCAGCCAGACTCACCTAAGG,0.1461160843199538
GuideSeq 1032,GAGAAACCCGGGACCAGGTAAGG,0.0594599863534457
GuideSeq 1034,CCAGGTCAGCTTCTGCAAGAGGG,0.3218263394035365
GuideSeq 1037,CTGCTCTTGAAATTTCCGCATGG,0.3691627698417783
GuideSeq 1038,AGAGGCCAGGAGGTGCTACTAGG,0.4135193292275729
GuideSeq 1039,CGTGATCACCAGGATCATCAAGG,0.2290481437341189
GuideSeq 1040,GATCACCAGGATCATCAAGGAGG,0.2045118044525803
GuideSeq 1041,GCATATAGGCGGGAGCAGAAAGG,0.3008012274122059
GuideSeq 1042,GATGACCTCAGGAAGCACGTAGG,0.0692267227774855
GuideSeq 1043,TTGTAGGTGACCATGATGGTGGG,0.3150973172014729
GuideSeq 1045,AGCAGAGTGTCGCTCGACATGGG,0.0883813306852035
GuideSeq 1046,CTCACAAGCCGTCCGCACGTCGG,0.1043711950858333
GuideSeq 1048,TGAAGCTTATACAGCCAGTAGGG,0.2919480188559052
GuideSeq 1049,ATGAGCATGACGCCATTCCTGGG,0.0248049052396878
GuideSeq 1050,TGTGCCCAAAGTGGGTTATATGG,0.1724474841231069
GuideSeq 1052,GGGTCTGAATGATTCCAACAGGG,0.4757660167130919
GuideSeq 1053,TATCATGGCTGATATATCCCGGG,0.1536903293993306
GuideSeq 1055,TCACTTGCTGCAGGGCACCCGGG,0.2422214787554366
GuideSeq 1057,GTCGGGATCTGCCTTCACCAAGG,0.2905224380442063
GuideSeq 1058,GTTGCCTCTGGCGCGAGTGAAGG,0.2712305025996533
GuideSeq 1059,GTGGGCATCAACTCGAGCCTGGG,0.0481029810298102
GuideSeq 1060,ATTGCTCGGAAGTTACACAGAGG,0.2222977566281441
GuideSeq 1061,TCACTTGATCCAGCTCAGTTGGG,0.6962835343342357
GuideSeq 1062,GGACAGCATCCAGTAATAATAGG,0.1851908819638847
GuideSeq 1063,GAGGTCACCCATCTTCAGGTAGG,0.0711926804179524
GuideSeq 1066,CTGTACTCAACTTAATGACAGGG,0.0850472484713729
GuideSeq 1067,GCAGGGTCCACGGAGAGGTAGGG,0.1625572124612431
GuideSeq 1068,CATGTTCGCCCTGCGCAACGCGG,0.8109710896960711
GuideSeq 1069,GGCCGACAGCAGCTTCACGTAGG,0.1356697484411954
GuideSeq 1070,AGAGGGCTGTAGCAGCACACCGG,0.080204037334491
GuideSeq 1073,ACAACGGTGAGCAGATTATTAGG,0.0587550901687027
GuideSeq 1078,GTCCATGGGAGCATAGATGTGGG,0.0587287376902417
GuideSeq 1082,GGCACCAGTCTGATCATAATAGG,0.2556554074992253
GuideSeq 1083,GTTGTCTGGATGACTAATGTAGG,0.1484071908638872
GuideSeq 1084,GCATATCACAAGCAATACCATGG,0.1244082729784215
GuideSeq 1085,AGTATCAAGTACTCACACCCGGG,0.0586507826568776
GuideSeq 1087,ACATAAGTCCCTTAGTACAGTGG,0.1935017596782302
GuideSeq 1090,GCAATGCGCAGGGAGTCTAAGGG,0.0839236845680569
GuideSeq 1091,GACCTGGGCCGTGCTCTACCCGG,0.4857676325761043
GuideSeq 1093,TTCCATGTAGAGGACCTAGAAGG,0.495426490451196
GuideSeq 1096,ATGAGGCCATCAGTACTGTAGGG,0.4045877247365158
GuideSeq 1097,GGGCAAACGGGCAGTCAGGTAGG,0.1376965575860603
GuideSeq 1100,GTGTCCAATGTTACACACAATGG,0.1670979574403939
GuideSeq 1101,GATGTCAATACAGCCTGTGGTGG,0.0428773919206236
GuideSeq 1103,GTGGCTCAGACTTCAGGCTAGGG,0.0130952820096646
GuideSeq 1105,TACACTGGCTGGCTATTAGATGG,0.082067364476846
GuideSeq 1106,TGCACTGGAAGGGTACTACAAGG,0.2039072039072039
GuideSeq 1108,ACACGCTGGACTGGCAGGGTAGG,0.0205627705627705
GuideSeq 1109,TTGCTCCGGAGCCACCAGGTCGG,0.0195667365478686
GuideSeq 1110,GTGGAGTCATCAGGGCATTAGGG,0.5935820166150839
GuideSeq 1111,CTGGGTTTGAATAGTTGTCAGGG,0.1542812896565074
GuideSeq 1113,CGATGCAGCTGCTGTCACGAGGG,0.402083385753466
GuideSeq 1115,CTGGGAATGGGACCCTTACCCGG,0.0589961389961389
GuideSeq 1116,ACTGGAGGCGGATCTCACCAGGG,0.0649971862689926
GuideSeq 1117,TTTGCTGCTGCGTTTCTGGTGGG,0.5955843328733679
GuideSeq 1118,AATCTTCTCTAACCTCTTTGAGG,0.2972917939319894
GuideSeq 1119,AATATCAAAGACACCGCCTGTGG,0.045710363761153
GuideSeq 1120,GGAGTGGACACTGCTGCCACAGG,0.0693105330180098
GuideSeq 1121,GATCCCAGCCAGGTTTGTTAGGG,0.107566765578635
GuideSeq 1122,GTGGCAACCCTGAGCATACTGGG,0.3236432744421764
GuideSeq 1123,AGCATCCACGCTGAAGTAGTAGG,0.110958904109589
GuideSeq 1126,GATGGACAGACCAATAAGGGTGG,0.0405753424657534
GuideSeq 1127,GGTGGTGGTTCCGCGATGGTAGG,0.1492242595204513
GuideSeq 1128,ATGGAGGAACCCACCCAGACCGG,0.1213959130353643
GuideSeq 1130,CATATGCTACGTGGACAGGTGGG,0.1866881482227368
GuideSeq 1133,ATGGTGTTGAGTACCTGCTGTGG,0.0325323840601206
GuideSeq 1134,GCTCAGCGTGCCAGCCAAATTGG,0.368414589217733
GuideSeq 1136,TTGATCACCAGGATCAGGTATGG,0.1364983850272111
GuideSeq 1137,TATCAGTGGAGTGTTAGTGAAGG,0.0731989622829774
GuideSeq 1138,GTCTCGGGACACGGACACAAAGG,0.1755129622803784
GuideSeq 1140,GCTGGCATCACTTTGAGGGAGGG,0.0533807829181494
GuideSeq 1143,GCTGCAGCCTGTACTACACTTGG,0.0530849987792543
GuideSeq 1144,TCTTCAGGATCCTCATCCAAGGG,0.0518472861752655
GuideSeq 1146,CCAACGCATCCTATTCGCTTAGG,0.0558644879801522
GuideSeq 1147,ATGACACAGTGAAGCTGTACCGG,0.0461493411420204
GuideSeq 1148,GACGCCAGATACGCACAGTACGG,0.4960664722001237
GuideSeq 1149,AGTGGATTCATGGCCCTCAAGGG,0.513984735058158
GuideSeq 1152,GGCGCCTACCACATTCTTGTAGG,0.1757633849103108
GuideSeq 1153,TTGTCGGACAGTATAGACCTGGG,0.0378087920638008
GuideSeq 1155,TGTGGCCTTCCTTCCATACATGG,0.0823689584751531
GuideSeq 1157,CCAGAGGTCATTGTTATAATGGG,0.2337650237585018
GuideSeq 1159,GATGAGCGTGGAGTCCTTGTAGG,0.100385288966725
GuideSeq 1160,AGTTAAGAGCCAGGCCTAATCGG,0.5262862187976564
GuideSeq 1162,GATGCTGATTGAGGACAAGTTGG,0.1986754966887417
GuideSeq 1163,TATACCACCTGTAGCTGCCTGGG,0.0284043441938178
GuideSeq 1164,CTTACCTGGGCCACTCAACATGG,0.2928063493754494
GuideSeq 1165,AGGTCCTTCACAGCCACCATAGG,0.0499294781382228
GuideSeq 1166,AATTGCACCTGAAATTGCACTGG,0.0922330097087378
GuideSeq 1169,TGCCTTGCAGATTAAGTACACGG,0.4262189550627129
GuideSeq 1170,GAACTGAAGCGCATCGTCGAGGG,0.4662764274071695
GuideSeq 1172,CTGTGGCCGTGCTGTTTGACTGG,0.3346566763587565
GuideSeq 1173,TTCCTCTCCGTCTTCCACGTCGG,0.0037226617031177
GuideSeq 1174,CACCGCGTTCCACTTCTTGAGGG,0.1895399780941949
GuideSeq 1175,CGATACGTGCGCCATCTGCAGGG,0.3926724271423704
GuideSeq 1176,TACCATTACTGATTTCAGGGAGG,0.5394502298527066
GuideSeq 1179,TAGTGCTGGCCTGGCAGATATGG,0.0629832170469545
GuideSeq 1180,ATCAAGTCCTCCAGTTCAGTAGG,0.0782804580439271
GuideSeq 1181,CCTAGCTTATGCTTGATACATGG,0.5711098256342451
GuideSeq 1183,TACATACAGAGCATCTGCATTGG,0.1020904229460379
GuideSeq 1184,GAGATGCACAACAGTCAGTGAGG,0.5677425237053246
GuideSeq 1185,GAAGATGTCATCCTTCACGTAGG,0.1426634119880661
GuideSeq 1188,GATGAAGACGATGACGACGATGG,0.1496905737092289
GuideSeq 1189,CTGTACAGTTCCATAGAGGTAGG,0.0789627039627039
GuideSeq 1190,TCACAGAGATCATCGATATAGGG,0.3777059193389024
GuideSeq 1191,ATTGCCAGCAGATTTAGAGATGG,0.0269628307373391
GuideSeq 1192,GTATTATTGGATATTCAGGTAGG,0.4700728692100398
GuideSeq 1193,CTGATTCCCAGGATAGAAGATGG,0.1830669436554034
GuideSeq 1194,CTTCTCACCAATAGCCATGATGG,0.2658028770542658
GuideSeq 1195,GTGGATTCGGCCAGACAACAGGG,0.2368871415356152
GuideSeq 1196,ACTGTGCAGTCCAGTCACGAGGG,0.1778727814483741
GuideSeq 1197,CTGGGTTCTGCCAGATTACTGGG,0.0081453634085213
GuideSeq 1199,AGAGTTGGAGATCAGATACCGGG,0.2856122224664761
GuideSeq 1200,ATGGACGAGAAGTACTAGGAGGG,0.0829913360693114
GuideSeq 1201,CCACCATGAGCTACACAGGTGGG,0.0810576506285219
GuideSeq 1202,GACAACAGCGACTCAGACAATGG,0.0533894404628838
GuideSeq 1204,GCTGGTTGTGCGCAGCACGAGGG,0.1901840490797546
GuideSeq 1206,ATGTTATCACCTGTCTGAGTGGG,0.0861085556577736
GuideSeq 1207,GAGATAGGTACTGCACTGCAGGG,0.6129462796129462
GuideSeq 1208,CCTTAGACCCGGCACTACGTGGG,0.1562880212365889
GuideSeq 1209,CTCCACTCCCAAAGAATTCCCGG,0.1036038801571709
GuideSeq 1210,ATGGCCGGGAAGGGCTGACAGGG,0.0792335072407235
GuideSeq 1211,CTGGGAAGAAACCCGCAGGTGGG,0.1812618388459857
GuideSeq 1212,ACAAGGCTCAGTAGAGTAATTGG,0.1892309520979437
GuideSeq 1213,AGCCAATTAACAGACGATGTGGG,0.1768521540469974
GuideSeq 1214,GCTTTCTATACATACCTTATGGG,0.2166242717649955
GuideSeq 1216,CTTGGCCCGCCACTTCAGTGCGG,0.6975630370474715
GuideSeq 1217,ACTAGGTTGAGCTTGGAGTTGGG,0.1345614737685222
GuideSeq 1219,TCAGACGGGTACTCGCGGGTAGG,0.0992495022208607
GuideSeq 1220,CGGGTAGGCAGGTAGACTGAGGG,0.1223227684052567
GuideSeq 1221,CATGGTGTAGAACTCCACCATGG,0.2502893685977198
GuideSeq 1223,CTGCTAAGCGCTGTACATATGGG,0.411217437533227
GuideSeq 1224,GCTAGAATAAATTCGCTGTAGGG,0.4083097175244538
GuideSeq 1225,TCTGCGGCATGTAACGAGCACGG,0.5543683455410405
GuideSeq 1231,GTAAGTCAGATGCTCCAACAGGG,0.5123174858603309
GuideSeq 1232,TGTATATCATCTGGATTACGTGG,0.2634824428486725
GuideSeq 1233,ATGTGTTTCACTGCCAGGTATGG,0.1051985264019648
GuideSeq 1235,AGTTTAACCCACCTGTGGATGGG,0.0768111254851229
GuideSeq 1236,ACAACAGCAGGAATCTTATAGGG,0.0508778586457866
GuideSeq 1237,GTGTGATGCCATTAGTGTATTGG,0.016198347107438
GuideSeq 1238,GATGGAGACCTATATCACAAAGG,0.3153200419727177
GuideSeq 1239,AAGTCGTGCTCTGCGCAAGAGGG,0.6091279705677638
GuideSeq 1240,GCAAACGTTGGGTTTCACAGTGG,0.4577827908475669
GuideSeq 1241,ATATGGGCAGCCGTCATGGTGGG,0.099559686888454
GuideSeq 1242,TACCAGCAATATAGTATAACAGG,0.2444766388989497
GuideSeq 1243,CTTGAAAGTCCTACCTTATATGG,0.1489876395930675
GuideSeq 1244,TGTTGGACTGAGAACTGAGTAGG,0.0133407140880155
GuideSeq 1245,CTGGGACGCTCCAACCACAAGGG,0.1548486320220171
GuideSeq 1246,ACGTGGGCGACAAGAAAGGTGGG,0.0610898120796933
GuideSeq 1248,TATTGAAATGGCAACCACAGAGG,0.1850899742930591
GuideSeq 1249,GGACCTAGACACATGCAGAAAGG,0.668666870077183
GuideSeq 1250,CATTGTCAGGATTCCATTCTGGG,0.135263257695468
GuideSeq 1255,AGTCAATCACCTCTCATACTGGG,0.1447725086711941
GuideSeq 1256,GGAAAGGTCGAAGCGTTCGGTGG,0.103021336240461
GuideSeq 1257,CATGAAGTCAGTGACTGACCGGG,0.0604826073331244
GuideSeq 1258,GGCCTCACGTGCCTCGACGATGG,0.0539200765317215
GuideSeq 1260,GAGGTGGTGTCCACATTACACGG,0.0895705521472392
GuideSeq 1263,CATGTAGAGGCTGGCATAACAGG,0.302706253284288
GuideSeq 1265,AATGCAGCCCAAGTGTTGGTGGG,0.1398616361172527
GuideSeq 1266,AGGAATTCCCACCAACACTTGGG,0.0648484656954144
GuideSeq 1267,GCTGTCTTATGGAAGCAACCTGG,0.1919809836753242
GuideSeq 1268,TTTGGTGATGGTGCCGAGGTAGG,0.1260612420108747
GuideSeq 1271,ATGGAGGGATGATCTATACTGGG,0.1255356430318696
GuideSeq 1273,ATCCACGTCAAGATATGGAAGGG,0.1846257794794555
GuideSeq 1276,CCTGGTTGAGAGAATTTAGTTGG,0.0870229007633587
GuideSeq 1277,AATGCCCTCTTCCCGATAGATGG,0.2222453037362377
GuideSeq 1278,CTATCCAAGACGTATATATTGGG,0.0949562701387519
GuideSeq 1279,TGCATAGGTATTGACGAGGTAGG,0.0911280400010471
GuideSeq 1280,CCTCTAAGTGCTTCCATAATTGG,0.2056015276893698
GuideSeq 1281,CCAATTATGGAAGCACTTAGAGG,0.3886940254881328
GuideSeq 1283,ATGCATGTCGGCTGACACGTAGG,0.1091927095534835
GuideSeq 1284,ATGCTGGACGAGATGAAGGTGGG,0.3298345490126312
GuideSeq 1285,GTTGCGAATCTGGGTGTACAGGG,0.4737233310392292
GuideSeq 1286,GATGTACCAGCTGTTCAGCCGGG,0.3681856058944783
GuideSeq 1287,TGTTCACTGTGAGGTCTATAGGG,0.3867947064163203
GuideSeq 1288,CTGCAGTCTCATCAGCACGAGGG,0.2791075050709939
GuideSeq 1292,TCTGGTGAAGTAGGCCACGTAGG,0.0720649571805819
GuideSeq 1293,TTGCAGGCGACATGGCTGTATGG,0.6460816402149077
GuideSeq 1295,GTGGTTTGCAGTGGTATCATTGG,0.1735983455882352
GuideSeq 1296,AATTAAACTTACAAGAGGCATGG,0.1423638858314611
GuideSeq 1297,TGTGCCAACAGCAAATACGTAGG,0.0562784488443536
GuideSeq 1298,CCATACTTTGCTCCAGACTTAGG,0.0983091846458328
GuideSeq 1300,CTGCCAGGAGATCCCATAGAGGG,0.1655157760543928
GuideSeq 1301,TTGTGCATGAGATCTACAATGGG,0.1273573200992555
GuideSeq 1304,CATGACCTCAACCTTGAGGAGGG,0.2125092985383703
GuideSeq 1305,CTGTGACAAACTGCAGTAACCGG,0.3428946356852193
GuideSeq 1306,GATGAGCCGTCTGTAGTACATGG,0.3831658553909792
GuideSeq 1307,TCGGCACTCAGCGGCGAGGAGGG,0.2974326365153803
GuideSeq 1308,ATGGACCTAATCAAGCTCACGGG,0.2225495528160502
GuideSeq 1309,TACTACTTGAGAAGAGGCAAAGG,0.0297118511043839
GuideSeq 1310,CTGTCTGACCTGTCGCCGCTGGG,0.2601257371759208
GuideSeq 1312,TTGATTTGCCAGAACCACTTGGG,0.1207952541285874
GuideSeq 1313,TACCTGAGTGGCTTGTGCCAGGG,0.031593777164953
GuideSeq 1314,GGCAGCGCCTCGTACGCCGTGGG,0.0719530102790014
GuideSeq 1315,GCCTCCCATGATTCGCACTACGG,0.421043656207367
GuideSeq 1318,TGCTAACCCTAGAGTCACGATGG,0.4072406578564051
GuideSeq 1319,TATTCAGTGCCCTTGTGACAGGG,0.097823517646417
GuideSeq 1320,GTGCTTTAGTCTGAAGATGGCGG,0.0843132744889451
GuideSeq 1322,TTGGCCTTCTAGTGTGAACCTGG,0.1589788696381451
GuideSeq 1323,GACTTTATTACCGCTTTACCAGG,0.3008202667261872
GuideSeq 1325,TACCAGCAGACAAAGGAGCAGGG,0.4034993751115872
GuideSeq 1327,ACTTACACTTCAGACTTAGGAGG,0.0578245381492834
GuideSeq 1329,CGGACTTACACTTCAGACTTAGG,0.060547449859143
GuideSeq 1330,CTGATAGAGAGGATCCTTCAGGG,0.1935627604644458
GuideSeq 1331,TTCCAGGGTCACTGACACATAGG,0.1476495103503867
GuideSeq 1333,ACATCAGGATGTTCCTGTACAGG,0.0693686671862821
GuideSeq 1335,CCTTATGCCTCTTACCAGTAGGG,0.2346933202250259
GuideSeq 1336,CTGCCAATCTCTCATCAACGTGG,0.5795976718063923
GuideSeq 1337,CTGTCTGAGCCCATCGACGGTGG,0.1623246492985972
GuideSeq 1338,GCGGGACCTCCGAACCAAGTAGG,0.0383109383362911
GuideSeq 1339,GTGTAAGTGAGCAACCCGCTTGG,0.1107605446695449
GuideSeq 1342,CGTAGCCATGGCGGAGCCGTCGG,0.0244708994708994
GuideSeq 1343,TAGTGTCAGACCATTAAACAAGG,0.19637937819756
GuideSeq 1344,TATGTTGGTGCCTTGTTTAATGG,0.1312859884836852
GuideSeq 1345,CTGTAATAATCAAGAACCTAGGG,0.1831611470503041
GuideSeq 1346,ATGCACCCAAACAATAGACTGGG,0.0387720358064693
GuideSeq 1347,CCATCTTGCCGCTCACAGCTGGG,0.5612393003349461
GuideSeq 1349,CAGCAAGGCTCTTACCACAAGGG,0.2377690802348336
GuideSeq 1351,TCCACAAAGAGTTTCTGTATAGG,0.0839292435077154
GuideSeq 1352,TTACTTAACAGGACATCTGGAGG,0.0795524406737981
GuideSeq 1353,TGGCTCTTCGGCGTTAACAAGGG,0.1077441077441077
GuideSeq 1355,TGCGCCCGCAGGTTACGCCAAGG,0.0719254579105239
GuideSeq 1356,GCAACAAGGACCTTTCATACAGG,0.1214586543400102
GuideSeq 1357,AGCCCAGTTCCGAGTACATAGGG,0.2153378583730118
GuideSeq 1358,GACCCTATGTACTCGGAACTGGG,0.1200353045013239
GuideSeq 1359,CTTCCAAGGAACCAGTGCGAAGG,0.1104559056504136
GuideSeq 1360,GTGATATTGTTGGAGCAAGTAGG,0.1738415264592537
GuideSeq 1361,CATATCCTGGACTCCATCATGGG,0.0826947131053679
GuideSeq 1362,ATGTAGTACCAATACTGGGAAGG,0.0249460043196544
GuideSeq 1364,ATGAAGGCCAAGATAATCCAGGG,0.3425249465431219
GuideSeq 1365,ATGCTCCAAGTCATAGAAATGGG,0.0885575167376749
GuideSeq 1368,TATGTCTTCCCTGTCATATTTGG,0.1410387328124629
GuideSeq 1370,ACTGATCAGATTGGTAGTGAGGG,0.2465515666392619
GuideSeq 1371,ACATACTGACCTGGAGGTGAGGG,0.043025285802782
GuideSeq 1372,GAATCCACCAGCTATCGACTGGG,0.086323268206039
GuideSeq 1373,TAGTAAGCCCAGTCGATAGCTGG,0.5855153203342618
GuideSeq 1374,TGTCTGCTCAACAGTCAGGTGGG,0.2006410776596608
GuideSeq 1375,CATGACGGTCACTAATGTGTGGG,0.0515408424169021
GuideSeq 1377,CTGATAGATACTCTTCAGGAAGG,0.5232888234675639
GuideSeq 1378,TACAGTACCTCCAAGAACAAGGG,0.1449163449163449
GuideSeq 1380,GCATGCATCACCTTGTCTGTAGG,0.0849549121974371
GuideSeq 1381,ATGCTAATTAAAGTGAAGGTGGG,0.3594328341210637
GuideSeq 1382,TGCCTGTTTCAGACGCTGACCGG,0.3613288302640243
GuideSeq 1384,GTGGTAGTCCCTCATCAAACTGG,0.152831507807038
GuideSeq 1385,TACAGTGGTAGCATCCAAATGGG,0.4163468917881811
GuideSeq 1386,CTAAGATCCAGCGGACACCAGGG,0.3343130216279278
GuideSeq 1387,GCTGACAAATCGGAAGAACAGGG,0.2253899044105316
GuideSeq 1388,CACCTCGAGCTCTCGCACCAGGG,0.3212378017462763
GuideSeq 1390,TATACTTGTAATGGGCGACATGG,0.1433142674293028
GuideSeq 1391,AACCTTTCTTCAATTAGTATGGG,0.0548909218859957
GuideSeq 1393,CTGATCCATGCTCTTATGGTAGG,0.2872975277067349
GuideSeq 1394,AGTGCCTCCATGAGGAGTATAGG,0.0187488732648278
GuideSeq 1395,GACGTTCAGCATCTGAGTAAGGG,0.0808827270414652
GuideSeq 1396,TTTAGAAACTCATCGCATACGGG,0.2822277659222746
GuideSeq 1397,CATCTGAGTAAGGGTAGCCTTGG,0.0292237113029657
GuideSeq 1399,GACCTGCAGCGTGGGCACGTGGG,0.1963533641499743
GuideSeq 1400,GGCCTTCTCCAAGTTTGCCTTGG,0.0455172107088855
GuideSeq 1401,GTGGACGTGCCCACGCTGACCGG,0.2455284552845528
GuideSeq 1402,AGAGAATGGGACTCTCAGGTAGG,0.1231046003598046
GuideSeq 1404,GCATTGAGGATTATCCTAGTGGG,0.1126906355669036
GuideSeq 1405,GCCTGTGACTCAAAGATGGAGGG,0.4409349336702464
GuideSeq 1406,GATCACCAGAAGCAGGACGTGGG,0.0654704688668161
GuideSeq 1407,CTGCAAAGTGGTACGATCGAAGG,0.3007022471910112
GuideSeq 1408,GAAATGCCAGATCTGGAGTAAGG,0.242288742599263
GuideSeq 1409,GAACAACATGGGTGGTGATGAGG,0.1032726346619126
GuideSeq 1410,CTGTCGGGCCATCTCCAGCTGGG,0.3860045146726862
GuideSeq 1411,TAAGTATGGCGACTTCAATAAGG,0.3656934917182533
GuideSeq 1412,CTGTAAGCCTTTCAGCACACTGG,0.2086647875561123
GuideSeq 1414,TTGTGTCAGGAGTAGCTCATTGG,0.1915197059872192
GuideSeq 1415,TTTCAGACACACAGTCAGGTAGG,0.3209430580449469
GuideSeq 1416,GTAGCAGACTAAACCAGGACCGG,0.0454667366334324
GuideSeq 1418,GATGTTAGCCAGATCAAGCAGGG,0.2863882754466974
GuideSeq 1419,CTGGCTACTGCGAGCCACGATGG,0.1834410390939919
GuideSeq 1420,CTGACAAGGGCTTCACAGGTGGG,0.1487895804822802
GuideSeq 1424,TGTCTGTCCTCTAGGAGTACCGG,0.0787941075710859
GuideSeq 1425,GGTGGATGATCCTGCCGGGAGGG,0.0448281587248879
GuideSeq 1426,CTGGAGTTCAAAGCCCACGAAGG,0.0105680317040951
GuideSeq 1427,ATGTCTCACACCTGACATCGAGG,0.3808947807182438
GuideSeq 1428,GTGTGGCCACGATGCCTCAAGGG,0.2964447378347793
GuideSeq 1429,GCAAAGCCATTGATAATACTAGG,0.1722163308589607
GuideSeq 1430,ATTCATTGCTGTCACTAGGAGGG,0.1224030293726333
GuideSeq 1431,ACTGAATACTATCAATGGGTAGG,0.0788848504538163
GuideSeq 1432,GTGTGTGAGGCAGTTAACAAAGG,0.2389661729383507
GuideSeq 1433,GTGATGGACAGAACAAAGGTGGG,0.1334897784196037
GuideSeq 1434,TACCACATCGATTTCTGTGTTGG,0.0317047817047817
GuideSeq 1435,AATGGAGCCCATGGCTTTCAGGG,0.2128990509059534
GuideSeq 1436,TTGATTCACGGCAACAGTAGAGG,0.1072273784289918
GuideSeq 1437,TTGACCTCCTCATTGTTATTGGG,0.091017251635931
GuideSeq 1438,TAATATCTGAGGCACTTCATGGG,0.0649617590822179
GuideSeq 1439,GTGGCAGTAACAGTGATAGTGGG,0.3114029746890493
GuideSeq 1440,ATACCAGCCTCTCTTTGACAAGG,0.1351294241944004
GuideSeq 1442,GCTGAAGAGCCAGATCCCAAAGG,0.102319236016371
GuideSeq 1443,GAAGTCATCCAGACTGAGCTGGG,0.1939557677808494
GuideSeq 1445,TGGCCGGAGAGCTCACAGCCTGG,0.345945729287747
GuideSeq 1448,TACGGGCAGAACTGTCACAAGGG,0.4251150895140665
GuideSeq 1449,CTGTAGCTTGCCTTCCTTGTAGG,0.1313313401336616
GuideSeq 1452,GAGTGGCTCTACTCAATGTTCGG,0.2843896909898359
GuideSeq 1454,GTGCTCCTTAGAGCCGAGGTGGG,0.0904372130165701
GuideSeq 1455,CACGTGTATCATGAAGACTAGGG,0.1401043757527097
GuideSeq 1457,GCTGGGCGACCGGATCAGGTAGG,0.134540556719545
GuideSeq 1458,GGTCTCCATGATGATCAACTGGG,0.0125
GuideSeq 1460,TATGAACATTCCTCATACGGAGG,0.0627458414293161
GuideSeq 1461,gaccaccacCACGATCACCATGG,0.0781395348837209
GuideSeq 1462,GATGCTGTGGAAGCGCAGATTGG,0.3958619986750242
GuideSeq 1463,TATGAACATCGATAATCGTCAGG,0.1985478064555494
GuideSeq 1466,TTGTACGGAACCTAAAGTCAGGG,0.1163670766319772
GuideSeq 1468,TTGTCCTTGGGTTAAAGGGTTGG,0.0423514538558786
GuideSeq 1469,GTACGAAACTGCTCCGCCGTAGG,0.0137931034482758
GuideSeq 1471,TTCCCAGCCGGTCAACAAAGTGG,0.2528475237555849
GuideSeq 1472,ACATCTTTCAAGAACCAAACTGG,0.1476910828025477
GuideSeq 1473,GTTTCGAAGACCTGTATTACAGG,0.3087652559835156
GuideSeq 1475,TAGATCTTGAACTTACGTCTAGG,0.0805530507965133
GuideSeq 1476,TACACAGATGGGACCTGCAAAGG,0.0687138529330762
GuideSeq 1477,CAGCACCACAGCTAACTATAGGG,0.2273012075643654
GuideSeq 1478,ATCATCCAGGTCTACCACATAGG,0.064798148624325
GuideSeq 1479,AATGCCGGAGCGAGATAGTAAGG,0.1628510519974047
GuideSeq 1480,TCCAGAGGCGACTTGCATCACGG,0.4044149916615465
GuideSeq 1481,GGTTTATTGGGCTTCAGCACAGG,0.0298587463740698
GuideSeq 1483,TACCTCCCGAAGTGGCTGGTAGG,0.2339891167852658
GuideSeq 1485,GATGCCGTTACTTGGTTCTGCGG,0.1428137344272257
GuideSeq 1486,GCTCTGGTGTGTTACCAAGAGGG,0.2731556319862425
GuideSeq 1488,TACTGCCCGCTTTAGCACAGTGG,0.3038276897799912
GuideSeq 1489,CGTAATTCCACAACTTTACCCGG,0.1083759590792838
GuideSeq 1490,GGTGGTGCACGTTCCCTACAGGG,0.4521407578044324
GuideSeq 1491,CTGCTTCATCAGGGCCACCTGGG,0.2093441150044924
GuideSeq 1493,TGCATGGCCGACGCCCACCCGGG,0.104224199652245
GuideSeq 1494,GCTGGCGGTGCCTTTCCGGAGGG,0.2067836953287712
GuideSeq 1495,AGACGTCAGAGGTTCTAAACCGG,0.0970366399938742
GuideSeq 1496,AGTGGCTTGAGAGACGTCAGAGG,0.3748030117317457
GuideSeq 1497,CATATCCTTCATACCATAGGAGG,0.2025570318375532
GuideSeq 1498,GCCTTTGAGACGAGCCAGGAAGG,0.4685840707964602
GuideSeq 1499,CAACAAGACTGCGGCCAACTTGG,0.2130587431372087
GuideSeq 1500,GGGCTTGGGATGATTATAACGGG,0.3012929318329456
GuideSeq 1502,CTACAGAGGAAGGCATTACTGGG,0.2104110160650949
GuideSeq 1505,GGTCATATTTCTGCTCAGGTGGG,0.2261661401226538
GuideSeq 1506,GTGCTTACGTGTCATAGATATGG,0.0516684607104413
GuideSeq 1507,AAATAATCAAGCGAACTGGTAGG,0.3483235200789761
GuideSeq 1508,GTGATCAGATTTGGAATACCTGG,0.1867757327880027
GuideSeq 1509,TTATAGGCATTCCAACCCTAGGG,0.0334567812455055
GuideSeq 1510,GTTGGCCACCGTGTACTGGTAGG,0.3041996528512764
GuideSeq 1512,TACGTCGCCTACAGCCACACGGG,0.0313720299159441
GuideSeq 1514,GGTCGGAGGCCGATCCAGGTGGG,0.0584659913169319
GuideSeq 1516,TCAGTTCCACCCTACAGGTAGGG,0.1275392670157068
GuideSeq 1517,ATGCCCGACCAAAGACAACCAGG,0.0932359926114873
GuideSeq 1518,CACGCTGTCATCCACCAGGTAGG,0.0690543259557344
GuideSeq 1519,GGGCTCCAGAGTCTGATACAGGG,0.42143906020558
GuideSeq 1520,AAAGACTTCGGTCCTCTAGTAGG,0.206277274253105
GuideSeq 1521,TCGTCGCCCAGTGTCCAAGTGGG,0.2841174751607247
